First Name,Last Name,Mobile Number
Alex,Turner,447108723622
Priya,Patel,447 153512426
Tom,Green,+44741 9760362
Sanjay,Shah,744581298547
Emma,Wilson,447646713 414
Luca,Rossi,+447214714173
Hassan,Khan,+44751538 5695
Chloe,Brown,744763176502
Ben,White,447542 618094
Aisha,Hussain,744231 847666
Leo,Walker,+4471 81980678
Maya,Singh,447248811 239
Omar,Ali,44789 1142165
Ella,Taylor,7447 19111291
Jay,Mehta,+447844103279
Nora,Ahmed,74428474 6354
Zac,Price,447432683887
Tina,Reed,7444 22734025
Ravi,Gupta,447228401183
Sophie,Jones,744593002112
